Class,Images,Instances,Precision,Recall,mAP50,mAP50-95
all,81,1420,0.8433800959608954,0.8173884614603583,0.8405167162249533,0.4764632990064584
staining or visible changes without cavitation,61,291,1.0,1.0,0.995,0.6965
calculus,21,38,0.5555555555555556,0.4878048780487805,0.45173716153127913,0.3297275713155422
visible changes with microcavitation,48,102,0.856234,0.784314,0.745689,0.456782
visible changes with cavitation,26,52,0.9101123595505618,0.7941176470588235,0.8548954367876401,0.35759145508826085
non-carious lesion,27,80,1.0,1.0,0.995,0.522128951648839
