Class,Images,Instances,Precision,Recall,mAP50,mAP50-95
all,81,1420,0.8573024606624838,0.8005788542434152,0.8340105851975443,0.4755492449167784
staining or visible changes without cavitation,61,291,1.0,1.0,0.995,0.6965
calculus,21,38,0.5555555555555556,0.4878048780487805,0.45173716153127913,0.3297275713155422
visible changes with microcavitation,48,102,0.856234,0.784314,0.745689,0.456782
visible changes with cavitation,26,52,0.9146341463414634,0.7352941176470589,0.8283583256326248,0.35037375787122343
non-carious lesion,27,80,1.0,1.0,0.995,0.522128951648839
