Class,Images,Instances,Precision,Recall,mAP50,mAP50-95
all,81,1420,0.8259422301875878,0.8367040644472598,0.8469576700126396,0.47567803674002423
staining or visible changes without cavitation,61,291,1.0,1.0,0.995,0.6965
calculus,21,38,0.5263157894736842,0.4878048780487805,0.4441674038036268,0.3233734542149994
visible changes with microcavitation,48,102,0.0,0.0,0.0,0.0
visible changes with cavitation,26,52,0.8736842105263158,0.8137254901960784,0.8601176490053899,0.3577244613073308
non-carious lesion,27,80,1.0,1.0,0.995,0.522128951648839
